,0,1,2,3,4,5,6,7,8,9,10,11,12,13,14,15,16,17,18,19,20
0,-0.006666638623231107,0.0038852676700893794,0.0017872576862901913,-0.014572809412469696,-0.0016494769379384907,-0.001985140169744592,-0.0007691031502687881,-0.006019799019632567,-0.007381444955835191,-0.0011683752335333714,-0.004236477331226507,-0.0014215126075285507,-0.009225773011546829,0.0008148152153933749,0.0019372157658415715,0.0,-0.000700123174783971,-0.00343123703904583,-0.002503651365308722,0.0002070716137761443,0.004878543090612731
1,0.006545981281092843,-0.025361955835471413,-0.019809091887085947,0.04886956293631583,-0.0021621865854746752,0.0035051118683729642,-0.0006438133557727425,0.00046273141052018834,0.00817382821736709,0.0005029766890580859,0.010325257371080528,0.0005347889696535813,-0.001007557213163156,-0.041957311580476754,0.0007828925968690525,0.0,0.006566171178583741,-0.00819753964281976,0.005112069451186665,-0.0006883901840282347,-0.03977492277999935
2,-0.002795981358045204,-0.004406506167721882,-0.006557659611082155,-0.023962826064801566,0.00046710783383069945,6.839244242879934e-05,-0.0021190076846656445,-0.007891252232347658,-0.00091138108233078,0.00019764510402972825,0.0005598168687749097,9.367839535594288e-06,0.0058472271788083926,-0.001463994729303955,0.003386060035274098,0.0,-0.0030625542756604236,-0.0003041212044767068,0.00032039187760265234,0.00010923104504495928,-0.005711357188060704
3,-0.010990584433890135,0.004166165921510743,-0.001486062688130359,-0.006002554738342862,-0.00245671551396529,-0.0034096347664206716,-0.003753070309575076,-0.005877669745231802,0.0007596770196185331,-0.002772031312463565,-0.005402835773403646,-0.00319258433430874,-0.0003755593203692717,-1.4611415933507626e-05,0.0007585737346534881,0.0,-0.009341728749070228,0.0015024178142039376,-0.0053181735985717285,-0.0011710191160448481,0.006156652755304573
4,-0.0028833703555253775,0.013391116992342791,0.009177351916020631,-0.01952160126968134,-0.004597610384000273,-0.005524685932762997,0.00015196518966370724,-0.00031846190383611985,-0.01668111470713606,-0.0026863814845948498,-0.007313454130003914,-0.002333600677361117,0.0047829476467655865,-0.00926530070596275,0.008786713312125286,0.0,-0.016276853178428686,-0.009503200836421878,-0.004725442555160793,-0.002360545849725793,0.021687714391797615
5,-0.010010711787765884,0.004446574605921059,-0.0016542253710642033,-0.018000824378053542,-0.004179507841644383,-0.0031571899868849283,0.00010283951807124971,0.0038300948058411304,-0.00776673018556526,-0.0021509131439415895,-0.008000041117712003,-0.002424880860424439,0.0018052878487870088,-0.0030600629081638667,0.0018590858962602673,0.0,0.0017380261297316236,-0.004646673419508681,-0.00397422670880828,0.0010180119721089008,0.006004666676031723
6,-0.011712474829332863,0.008964376498903156,0.0009052396681822427,-0.024581129215934156,-0.0018736036189058187,-0.004245098157065025,6.597163716916221e-05,0.004573709708311329,0.001745455021877982,-0.002684643545755638,-0.010879333740934246,-0.0032765420936592114,0.0007941706053446303,0.0007606408695713457,-0.002887701572603921,0.0,-0.018095378585802152,0.001779797020646922,-0.003937948307695478,0.003789276119783994,0.012721878985156273
7,-0.005285732346293948,0.004290217549454425,0.002529250860679661,-0.01847212223612209,-0.0022718537488625856,-0.0034955760614979103,-0.006402983947941614,-0.029580462773192265,0.0015478299620985383,-0.002968085871026393,-0.006382677534100938,-0.0033842334652447615,0.02391580844042721,-0.0008619860516523478,-0.0007027715595396586,0.0,-0.001722315092257018,0.001636614773344629,-0.0038009325152712895,0.0002212946559462246,0.0061993337710093115
8,-0.002647146222357901,-0.010462136408507718,-0.0657776418653743,0.010732473493333271,0.0005550469976960795,0.002037930434601227,-1.2074124706565754e-05,0.00138890554001592,-0.00645104224580152,0.002037044659593556,0.005177535371862285,0.0014158693766272636,0.006831208613361735,-0.0029866261100936283,0.013198876193861656,0.0,0.002447344224669409,0.0035974583940878847,-0.00011444946193477613,0.0018305012757235711,-0.011020422138260726
9,-0.0017763945195549034,0.005467893288690813,0.002446299294516789,-0.025186152452540363,-0.003297035757742301,0.003917097857601194,-0.006102546730273182,-0.024621686091213405,0.0018369054347342159,0.0016298949692043919,0.010431490838441481,0.0018441575461457533,0.0008445277543188806,0.0018989280214393154,0.00012389173215063718,0.0,-0.013599396301947612,0.0003391762030294884,0.004539135997953811,-0.016692833745629156,0.007735249558351948
10,0.018551336689726052,-0.015077733949517322,-0.04700579672518151,0.04993241239718842,0.006207499687068738,0.006194376718673483,-0.000311395821951208,-0.007209263930935826,0.02523674455378788,0.005838822669336498,0.02236718765748119,0.004656040844661324,-0.11747313998918893,0.0005632657295044656,-0.0061679188796189815,0.0,0.004170386516702935,0.016299479019720446,0.00625081201135206,-0.002493534437394822,-0.018750976418609903
11,0.016678585183883547,-0.01762464780827999,-0.015890127869868802,0.013858402533728297,0.004036346619574971,0.0046783786089267115,-0.0012077816513194584,-0.016559534780515507,0.010996112727707374,0.0024477447883192137,0.017653701848833456,0.0024492467265631243,-0.058245313447023224,-0.0029071506311797285,0.0017326926752936661,0.0,0.006165573061574783,0.006836013121300501,0.006753182135228691,-0.005267791340917081,-0.024805021944126787
12,-0.006051837424985221,0.002722822363313464,0.002125224417737212,-0.00654625670971874,-0.00018637037454486655,-0.002188296523881913,5.1817545995052354e-05,0.0028100957510813923,-0.00016869071724382798,-0.0016286700154099633,-0.003608379115768398,-0.0019398356899084622,-0.0024498448303994984,0.0007851479961902784,-0.0011164733030813066,0.0,-0.029427361421577546,-0.0007708219595609462,-0.001208796080847197,-0.0003546494212121049,0.0009297886073055912
13,0.002195580428355981,-0.008618761119747185,-0.00425811692466372,0.004521855758908431,0.0013587638941513504,0.0014318541524937865,-0.00016886030655706172,-0.004427767318433193,0.0009570929573697361,0.001926810920003142,0.003678367317554918,0.0017412621931330004,-0.029151395494441443,0.0003042441013750514,-0.010568464232810305,0.0,0.0011361809226487108,0.0013236566923385449,0.0011661758404829907,-0.0008507851600241692,-0.011919086442122568
14,-0.0022023553669377792,0.010056297400225763,0.003754884175031366,-0.014520482488543776,-0.002147988024478959,-0.003914434018408147,-0.0010826187194260097,0.0004601062741842194,-0.012479859141519188,-0.0018274021999269893,-0.005152493759765427,-0.0012828994785054459,-0.0008579165188852539,-0.006565256922380765,0.010207941909145648,0.0,-0.027396950081080503,-0.006279011790494821,-0.0035512562569821665,0.0012464902157028077,0.015313816601057652
15,-0.002402712654365626,0.009779568079282775,-0.0007772472133106886,-0.0017464120486602262,-0.0047071980921016285,-0.009569921512137317,0.005113715384930273,0.0025421769045549524,-0.0009673477164780072,-0.003933793332955496,-0.010529710825398752,-0.0038951901221884015,-0.020815785512574726,0.0013433699929105746,0.009816074260930455,0.0,-0.029276825657153203,0.0027749082659437804,-0.009356236755363382,0.0031663218325257694,0.015241404253272075
16,0.001489234323126883,-0.001344698433111103,0.0017551433967671055,0.009470272891653897,-0.005453805178922415,0.0032376849615140518,-0.0036467882398381305,-0.013048149757410615,-0.027888635972212934,-0.00029458240175265723,0.007510699400926774,-0.0004534519495702962,-0.013268285068087825,0.009800327252826991,0.0011279719445059207,0.0,-0.0008849798056588159,-0.0016833086860292687,-0.0057018956726112655,-0.004213047489382159,-0.0025216587224707915
17,0.0001683290724535968,0.010554638240394962,0.005058063057680633,-0.01621301763145907,-0.0022101282517012375,-0.0033875261177176283,-0.010774786819254359,-0.0037022401978137297,-0.0026026132421335304,-0.002364945479510505,-0.00603429528184604,-0.0016274880288421232,-0.0010338244651738055,-0.007711495708531554,0.022887374939927128,0.0,-0.035340563088768505,-0.004784433175567338,-0.0031670297256651933,-0.00010012041307339801,0.014164709907629226
18,-0.00430041410471919,0.0014550656343327443,-0.0013466841977240864,-0.012259986790036584,-0.0019952587123527256,-0.002163777996023553,-0.0011424438660038844,-0.006491731099730085,-0.00683763679510248,-0.0013445552874642198,-0.005189444779317954,-0.0016986449782125457,-0.0030077858325785606,-0.0011381791009046742,0.002225980555941796,0.0,-0.000475565215646943,-0.0031878749426606724,-0.0025203279463100257,0.0011877820003266637,0.002010083086183813
19,-0.010150037086595115,0.003277579315430206,0.0018362278445036519,-0.01868989331732659,-0.003198562117224439,-0.002512336178103111,0.000575987351061986,0.007919169168985078,-0.006327151398235058,-0.0015369935966539545,-0.006005222655919527,-0.0017830534563733752,-0.011962567068401724,-0.00021379167873559384,0.002117098125948219,0.0,0.0024140940568083097,-0.005121296180658057,-0.00291741829141771,-0.00011310153981997015,0.004169873870917338
20,0.07415997209018471,-0.03676040588180065,0.06384937953938313,0.14630419710936782,0.047674500189406374,0.07997207223361169,0.008407288209347762,0.007161583208332836,0.08429551728892448,0.03845753546645054,0.11241790637649829,0.04135926890721622,0.13426433993026524,0.0430906040005805,-0.1814827490882049,0.0,0.16414237392003925,0.03964715093387142,0.06198504471792973,-0.010179034330265456,-0.05026021369851785
21,0.00047018372401582813,-0.013847377408015301,-0.0033820256598935073,-0.01322765806716931,-0.001675905820778267,-0.0026908126930185756,-0.0013680878804457803,-0.0012552232422476178,0.0008979057235533052,-0.0019309708751185603,-0.00307123603688058,-0.0021826733325107164,-0.015198499210298607,0.007223852421390671,0.010138120820983258,0.0,0.004484067733381614,0.0008029777687607405,-0.00319727704559508,-0.00021929606383938295,-0.008991469543282584
22,-0.0026631419557883395,-0.02387722020678697,-0.04280727251892899,0.024276196625356728,0.001189780943670703,0.0014892619011570235,-0.00012217486696197775,0.00651615688124566,0.000102730146608583,0.004241458611334784,0.005241630210463289,0.0026027410185203727,-0.0037872551448339007,0.0006019510591860751,-0.0033323724900292846,0.0,0.015168116183824003,0.00092366584149406,0.0016474121616131651,-0.0016603021511420438,-0.0339727649329814
23,-0.002402712654365626,0.009779568079282775,-0.0007772472133106886,-0.0017464120486602262,-0.0047071980921016285,-0.009569921512137317,0.005113715384930273,0.0025421769045549524,-0.0009673477164780072,-0.003933793332955496,-0.010529710825398752,-0.0038951901221884015,-0.020815785512574726,0.0013433699929105746,0.009816074260930455,0.0,-0.029276825657153203,0.0027749082659437804,-0.009356236755363382,0.0031663218325257694,0.015241404253272075
24,-0.02336586384005937,0.014735662505429492,0.013180106478811,-0.003505103136372941,-0.0031119637097006166,0.02879417115748636,-0.044157118329246875,-0.09744711945224722,-0.009941946536056168,0.02342866906200577,0.05167280986807766,0.024585029271171385,-0.004780688765953906,0.02495327663885863,-0.013763195555830787,0.0,0.06605639344121642,0.004266092702817199,0.0072911779713302665,-0.01710301381985928,0.020043640332793322
25,0.01039175811907799,-0.022871023668334926,-0.00832453210716826,0.06066391404690675,-0.0030098863759586373,0.0004938337127018848,-0.0004293682552606286,-0.010125629686421837,0.005566555679732054,-0.015233984989139962,0.01130663876666625,-0.020026984905497737,-0.033862136740135655,-0.007397828494996459,-0.000490322675470738,0.0,0.017603204817468535,0.005935475454425087,0.0016142494046752442,-0.008742303976660414,-0.03128302018036013
26,-0.001973944113576057,0.008275372362434546,0.0035921737712840394,-0.014457412804915065,-0.0016762909635933295,-0.002725587505588604,-0.00871059720752661,0.0005814393062543151,-0.012506242614183207,-0.0013417737115912329,-0.0046683384550302,-0.0007670077643118127,0.0021699685092123984,-0.004862033674650205,0.015156768191518816,0.0,-0.027948393765309866,-0.00684808503761146,-0.0029644384413647098,0.00105821702846703,0.012394819370164373
27,-0.020319504377999707,0.007772295017984644,0.009644566887054966,-0.0239805290187766,0.0014478465990363733,-0.007877841754085662,0.014050985034818934,0.036205475389379925,0.007508317258932643,-0.009637919720040414,-0.01773860350306146,-0.009372239036863532,0.07185952482881665,0.01777293187565264,-0.00944516776076812,0.0,0.025349393903948757,0.009611104329557321,-0.0020415030398478707,0.0061728767895748785,0.013759586882618158
28,-0.002948406124677095,-0.0008960104168347455,-0.00643785498824129,-0.018672109783396767,-0.0019258882286541713,-0.0022906369424322234,-0.000428541105495481,-0.0007333109788404073,-0.004622794326364589,-0.0015522340945157722,-0.005638540778934245,-0.0014884878175994846,0.009137009491170252,-0.008650563748079827,0.008505108820328849,0.0,-0.004819652420775838,-0.0029098722653593547,-0.0027347347163296904,0.0021141506743274376,-0.0012280260609165582
29,-0.004877776865929538,0.00027366777479390347,0.0009520760686919917,-0.0076716633215638645,-0.0017259573788584314,-0.0014264260506331524,-3.2314249594224875e-05,-0.0008890889673956821,-0.005340480355867444,-0.0009041398971807485,-0.0036187148143124142,-0.0010663967117969463,-0.018651487877541784,0.0006322283760454995,-0.0002905457353614729,0.0,-7.948610652696684e-05,-0.002402309166797283,-0.0019255711574750582,0.00047331493616842746,0.00034967584112321196
30,0.00021687332702930023,0.005624261704280756,-0.0037184109692505597,-0.015479455354465998,-0.001122200753507543,-0.0024976111125225263,0.0010310942647969012,-0.0018744782604434983,-0.0012491532880229996,-0.0020093232148571142,-0.004549683057697307,-0.001470401612169331,-0.0031671974164379337,-0.011935954564680057,0.012776494614617887,0.0,-0.024279227848345318,-0.0018073802787690939,-0.002139658472951504,0.0019079485119686194,0.007522066519109122
31,-0.003554180134166092,-0.0005234499157308146,-0.0023536403043153856,-0.012918207065302478,-0.0005365503963303519,-0.0007961374342519673,-0.0002997598047371305,-0.004392677692209524,-0.003681103344698219,-0.0004286748218531616,-0.0019820971445678715,-0.0005031509935024526,-0.011477086078825981,0.00022012404585772678,-0.0003361861637338593,0.0,-0.0012624247585249857,-0.0026536467115655443,-0.000504164389414921,0.0005149605077179664,-0.0007533332747571746
32,0.01086531417491891,-0.002563645030497004,0.011546922177088286,0.033180248958374556,0.0030122132348179595,1.5536243462903095e-05,-0.002156085140107695,-0.02481006453862746,0.00021022987236871506,0.00036210315933177294,0.003924328701446534,0.000498887101884056,-0.08626769391119539,0.0034601861349035506,-0.0003657596148651758,0.0,-0.0006115852159667804,0.0011035916683001447,0.002544681577056886,-0.000417881332308882,-0.0016537130394836575
33,0.2002026459878393,-0.15592915421726722,0.042281326918008254,0.3526249428186403,0.06961441553643971,0.08556629363844451,-0.03778133697104818,-0.01733903248884782,0.08065402751376138,0.0643277412664359,0.13715015894403276,0.07213554562851379,0.01578984246805006,-0.08653455972868172,-0.033298160158011715,0.0,0.18640944887779864,0.009947702686299457,0.10041177755907024,-0.001161016006294737,-0.21656625481601935
34,-0.011562283902801949,0.06631353999795782,0.05178366391373646,0.000951014598062132,0.00502981571160854,-0.024806797370486026,0.07266311965998709,0.13087045533909644,0.11210175142461125,-0.015214391911878102,-0.07376538813195524,-0.011126164279820251,0.20488099020121955,0.09068482780923776,-0.033570290675200135,0.0,0.1480378796157409,0.03169290135716837,-0.0010189037907679342,0.03388395554130514,0.09067668445362004
35,-0.0034205268636993756,0.007213241074258222,0.0013565445372687504,-0.013202694294597046,-0.002417424004823193,-0.004725099100377521,0.00020993444200566403,0.0034672768329886807,-0.012508726621170897,-0.001534542545606221,-0.005788443787262712,-0.0012623001190591031,-0.0032062904302239195,0.000937824994501829,0.0078071693478522705,0.0,-0.025579895539136623,-0.004478379701545225,-0.004803951439987178,0.0020418259967562133,0.011673037312850479
36,-0.020850059732949695,0.006424676890790579,0.004910780797783399,-0.03530408621319703,-0.007771093143945982,-0.006614519579199226,0.0035633107935514915,0.016870979301405943,-0.006018655139436396,-0.00381066582576676,-0.01306246999872215,-0.004202010221760836,0.008860022219316917,-0.0027360217738040394,0.00823386852145041,0.0,0.01075772761106745,-0.008397875418429223,-0.005577758727733317,-0.0023048876599191413,0.008807377553099514
37,-0.004375789483439027,0.010097089029838817,0.004834045322495211,-0.019716247950696982,-0.0023619275345633695,-0.003525813214687846,-0.0018451451433074406,0.0026429645865070394,-0.019198374571423232,-0.0012652238583046346,-0.005219386541852735,-0.0007248100567168593,0.0030583681167433226,-0.00369680619141747,0.014329347063270948,0.0,-0.025775452004188855,-0.00852748091261003,-0.0041300944036516815,0.001221605579940978,0.01595774770474611
38,-0.004333411812000979,0.0011908019101440107,-0.0058545746350457065,-0.018643762600705594,-0.0014971677020878846,-0.0021837134829994402,0.0019328700588539562,0.005707030668981238,-0.006296137228340031,-0.0012174932007297835,-0.005445438063098887,-0.000967980692091707,0.005295667940223286,-0.007286323506591778,0.009195589719705568,0.0,-0.015057193488974913,-0.0038794311367859728,-0.002652859690672241,0.0023732495685168235,0.0013989010392513402
39,-0.0013403248185034238,0.017801546453420157,0.00790730136957358,-0.013283484925832681,-0.003948043482037795,-0.00835496024644992,0.004172621750480281,-0.0008863797566947265,-0.002499196532872193,-0.003980907653606637,-0.00976578446001027,-0.0036110182095821994,-0.0073322114912759495,-0.006848477741047983,0.0037290752331017893,0.0,-0.038867128098337894,-0.0032574704703084755,-0.0047544510548834205,0.0006537688164233756,0.02738013051711733
40,-0.011436301400609463,0.003554551102990954,0.0015405421969405995,-0.01929441774236939,-0.0032832281980589356,-0.0026594696968849124,0.0006291156009695723,0.007941682606039776,-0.007910620828681134,-0.0015539256699345955,-0.006471081293360711,-0.0017850136157258306,-0.007241842927334983,-0.00025277110247359514,0.0021996635859165303,0.0,0.0018246932309602306,-0.0056083292171163505,-0.0030299671170310265,0.00020294925350592853,0.004412371773046615
41,-0.023933234662568754,0.0037350538365232026,0.0011819975695307897,0.018139504759640046,0.0007877930965029088,-0.011686125476739844,0.01467116870425426,0.03518162538433054,0.004323608122669022,-0.007481916456668062,-0.020862266745024095,-0.007993050611280954,0.020382215206494383,0.009608926545563152,-0.011907718308106175,0.0,-0.041887911484826436,0.007601252051522735,-0.0025529802652379157,0.004253812890912293,0.004196028919827671
42,-0.012613161787469645,0.00476886242649555,0.001999969528697788,-0.02137595568933825,-0.003138979136905763,-0.002848663327967237,0.001335538349243495,0.010348280211719076,-0.008797076497422474,-0.0015457754957297351,-0.007245168085821134,-0.0017194502820630183,-0.008076485284997312,0.0006683583182463003,0.003356907800397982,0.0,0.00042581613043600263,-0.006793668979253512,-0.002941840127015497,0.0004688334733198905,0.005502262092150732
43,-0.007478817593298851,0.0026635317686987867,-0.005150517736809972,-0.0032325015641064435,-0.0036763126526196893,-0.0074481666311800275,-0.0006089853561811331,0.0017956637303525602,0.007378449828771927,-0.004028665622235834,-0.01112259584237586,-0.004480995091473426,-0.011829789685972737,0.001368792493167798,0.004847483959964392,0.0,-0.010164250047878565,0.004905235365761009,-0.008931361083870768,0.003211061123243743,0.003761333589306943
44,-0.005567150325395555,0.002274672479689603,-0.0060843757283780085,-0.0037947809733246806,-0.003755164425225149,-0.0029285770377498067,0.0003639404336525714,0.00195119327609632,-0.004224592730802684,-0.002636842584607328,-0.005983212970415723,-0.0027769901808344178,-0.010062632127181807,-0.002024530016287364,-0.0010830905951471062,0.0,0.0021532251676652132,-0.003144812581460269,-0.0035610866869817846,-0.00019872804477825363,0.0028621435430707027
45,-0.013084123273875863,0.005072234695125352,0.003956340891938274,-0.02207202328357849,-0.004140028023714368,-0.0032086066811576673,-0.003316119451493326,0.011657247804297525,-0.01924927791437269,-0.0013742881913831589,-0.007397633717701882,-0.0012569079197723503,0.00631947049229843,-0.0009217118679958181,0.008550290356043825,0.0,-0.00018068221138966493,-0.01178198753885876,-0.003379331469118478,-0.0003359156339646405,0.007921655435214779
46,-0.0003238734182392878,0.015243993204699824,0.00830541730887999,-0.021180524655815693,-0.0008540761324156813,-0.0047200579571590705,0.006063136379785724,-0.00017423933651926392,-0.005642217772542691,-0.002732583961393364,-0.006673903344530809,-0.001970062473929187,-0.007872556069783944,-0.008050709632477792,0.0255606380285042,0.0,-0.059147962204848276,-0.004630015325367934,-0.004120480265814878,0.003259625794379093,0.021506997481789403
47,-0.003328902388665074,0.0015643005238713244,-0.00402297197785875,-0.000541627450727394,-0.0037087527620752237,-0.0066301014819298825,0.0012084494553937417,0.0016161381356426799,0.0022394347982317014,-0.0034654693066583056,-0.008704305562268269,-0.003987561739811187,-0.019253618222524693,0.0019140322395373942,0.003140942659668503,0.0,-0.006677649554569866,0.0029998246360699605,-0.007073006459025873,0.0018828385798192898,0.0026066021460810734
48,-0.004791408231255173,0.005782119451668059,0.0026095845263907377,-0.014682729012408371,-0.0021404468131123507,-0.0033208600608358434,-0.005434771866707986,0.004735518088248666,-0.01286560490841951,-0.0012986494443601553,-0.0054592013576056685,-0.0009515647695945346,0.0031905234943441526,-0.0020478164398229034,0.008771442165213842,0.0,-0.02031207313506903,-0.006934406485722464,-0.0033640859012787116,0.0012513922800697316,0.009041634843768825
49,-0.0019391282514281934,-0.004581114643507093,-0.014002808969479943,0.005586259386243475,-0.0006215839534455508,-0.0007721388541120543,9.678559063266459e-05,-0.002768052622118158,-0.002215944426873772,-0.0016617133136288733,-0.001520005537557265,-0.0013800500039221192,-0.0034779692429968974,-0.008697486960132436,0.004993168484972372,0.0,-0.008852184232271578,-0.00027716102617106087,-0.0007731955635274723,-9.573428107823992e-05,-0.005261324864818713
50,-0.004375789483439027,0.010097089029838817,0.004834045322495211,-0.019716247950696982,-0.0023619275345633695,-0.003525813214687846,-0.0018451451433074406,0.0026429645865070394,-0.019198374571423232,-0.0012652238583046346,-0.005219386541852735,-0.0007248100567168593,0.0030583681167433226,-0.00369680619141747,0.014329347063270948,0.0,-0.025775452004188855,-0.00852748091261003,-0.0041300944036516815,0.001221605579940978,0.01595774770474611
51,0.0018786972891305942,-0.020154785052525107,0.011927382409328823,-0.0037415882780057435,0.003141369429604632,0.006542138421844701,0.000361671896835242,-0.00063318087146057,-0.004307943784802854,-6.831825224409645e-05,0.00718440014818594,-0.0002654534180819316,-0.019674693654874245,0.0033674036432784615,0.0008700037152262737,0.0,-0.0031830893152973634,-0.003707327890003383,0.00496635331407812,-0.002933180316968553,-0.02979125804943775
52,-0.003744259473307241,0.005851498247971017,0.0026381443556352585,-0.011647907952825888,-0.0019761573133951897,-0.002494271889583691,-0.015841392773662283,0.0033676125741048616,-0.012359303077140145,-0.0013550397236684717,-0.0047847061982732395,-0.000993886671119797,0.005269384753593204,-0.0042392892400194785,0.011128838916110861,0.0,-0.016339791221754413,-0.007457520034310038,-0.0025983053181593075,0.0006814338252683172,0.008673526845933102
53,-0.003270567696896774,0.006766013373030555,0.0031847476151905508,-0.013112174466307951,-0.0020000096571390954,-0.0026519064110685302,-0.013705447630571197,0.0026054130913379845,-0.01391040797797635,-0.001346818339732195,-0.004701008641444728,-0.0009251356842570581,0.00508086473521996,-0.004660819436039202,0.012980898551557863,0.0,-0.018923050477498152,-0.007862063642711926,-0.0028758344585259514,0.0007456955089249921,0.010360201181348333
54,0.010194078340141412,-0.011655138258931658,-0.007265949398016996,-0.004657616112321298,0.0032667084812191744,0.0032293181919926498,-0.0009127028468388738,-0.01596795326889457,0.00313430306732426,0.0026757304873486535,0.009969907077457976,0.0029779763384126493,-0.02997065518467623,0.0005874555757004025,-0.0021229464682701346,0.0,0.0012628261006139055,0.002691705147761522,0.0037570473343418987,-0.0026281684350289813,-0.016787296021364334
55,-0.005457624136648175,0.0015788792654482684,0.0019351152105038121,-0.01298916470039301,0.00025411667811798655,-0.0006032170486319917,-0.002786016998783605,-0.028663241451651025,-0.006719365830695664,0.00037837689659115563,-0.00066782795412914,0.00046705181673012397,0.0038039201212011708,0.0015996965873205703,0.0010822409887609582,0.0,-0.0008861263095378732,-0.0012143707189320443,-0.000974110895292175,-0.0005086351175506576,0.0021488953717203178
56,-0.001135840018834351,0.0026183104634782354,0.0016772494942813797,-0.01248492077165359,-0.00044255803260550967,-0.0009473111208051681,8.87196229548791e-05,-0.005313393959807211,-0.003651091122098767,-0.0006608699994483214,-0.0016510368748765547,-0.0008099232850522406,-0.026063557180914132,0.001338015846514519,-0.0009029361072278756,0.0,-1.8006701953634023e-05,-0.00269104425704426,-0.000618243934450716,-6.08077608047025e-05,0.0035078556087204853
57,-0.001799187239649425,-0.0005663098513718591,-0.0010253123827755491,0.007619720372981344,-0.0026204079478464367,-0.0021937786425398537,-0.00036108510475908983,-0.0021150421169046437,-0.00911716836599998,-0.0025949335539280833,-0.00236801532651724,-0.003057928550282922,-0.01462434334539427,0.005439793777918089,-0.007180817313794861,0.0,-0.005580449165117044,0.00024193737248376696,-0.0031602349527490112,-0.0016571541270574879,-0.0014848449816117868
58,-0.004178832217964292,0.006646763845639588,-0.0002644211898098097,-0.020991633060731273,-0.002830379801790246,-0.004635319622033142,-0.00040777128161196744,0.0018224962110947411,-0.007017404934829612,-0.0017885200860566768,-0.008174737742836813,-0.0019968886542879216,0.0010720092600945094,-0.002753093863505809,0.0035120833615279283,0.0,-0.012630078033255089,-0.0011936683525866358,-0.0052721239651265924,0.003405414772155339,0.009454712659477029
59,0.0035740332465698053,-0.005725047125416257,-0.004113768055050501,0.002704164697314305,-0.00035241410347515244,-0.0004307464151619578,-0.0001354736350072391,0.0007714473449640737,0.004445259717110248,-0.00010729638768574935,-0.0004627146601718913,-0.0002078552642111314,-0.01428140621635499,-0.019971000977888655,-0.00430042753514632,0.0,-0.0029671105770860077,0.0006297256808917324,-0.0005299536420692138,-0.0003680283098550886,-0.006392778248563209
60,-0.011688182201366174,0.009388626725853335,-7.051243154388601e-05,-0.02634056649505553,-0.002640072624889827,-0.004948693440974175,0.00043260842659942984,0.005947143066637854,-0.008458850258989443,-0.001689981297752772,-0.009772653404345733,-0.0019491908987540186,0.006092981691394799,-0.00039053560645875855,0.002992691861670765,0.0,-0.014149047818707537,-0.0029330532299925174,-0.005251888786519988,0.003998235654266457,0.013209536744108115
61,0.0009158631541430557,-0.010543951758112333,-0.0008040723024545297,-0.014370109720953166,0.0004409487929628443,0.00019037154293220825,-0.0004986022909643072,-0.0020863245249761234,0.001108937536889187,-9.931840775387613e-05,0.000390187153769817,-0.00015792921948656614,-0.005690916790550735,0.002645396208491204,-0.00034515248745860776,0.0,-0.00396966590586247,0.0001734388258007945,4.8618276510072984e-05,-0.0006672280833397578,-0.014901877987342207
62,-0.004799016757902896,0.008193339017269192,0.0032189113162309816,-0.013561098994267195,-0.0025829407276493905,-0.0037605818388996163,-0.008215755831257292,0.004058407299746735,-0.012357110259007719,-0.0018157372911399793,-0.005883491536497599,-0.0014173867358106165,0.0054958448055830314,-0.005011343426472104,0.006807590045552425,0.0,-0.01856836034065485,-0.008146784507989013,-0.003268162278847695,0.0008257903836018679,0.012566476107791989
63,-0.014318106730995643,0.0010760410502169873,-0.00020519096269227418,-0.0021794432894397704,-0.005773108734778505,-0.007231466944256545,0.001026826946902151,0.004622251169853498,0.000543666288139349,-0.004366078154550294,-0.011537394075944769,-0.004881792833392376,0.002460990335551485,-0.0007257623949214304,-0.001545261252627683,0.0,0.0004473688779364316,5.1482855750515086e-05,-0.00747741558109835,0.0004161303301851558,0.0013748706724820323
64,-0.003754061424270534,0.007097326207434786,0.001044107683693409,-0.012610904821516233,-0.002450928737373427,-0.004800676818497781,0.000295302479364855,0.0037729499521932863,-0.012007701639807595,-0.001548326216405308,-0.005827756959358376,-0.001281714488522248,-0.0030043195411768478,0.001336476458608386,0.005964380775205937,0.0,-0.024900126191700227,-0.004327495380482437,-0.004707040617829931,0.0019801223351203316,0.011508989500198989
65,-0.0031997200739340135,-0.000473130039163437,-0.0019487953874180073,-0.012110381111804626,-0.0008421536064036867,-0.001011819760778991,-0.00028281951544308157,-0.0035029371127005718,-0.004333044560118057,-0.0005562812501292288,-0.0027588524699263886,-0.0006053679257361717,-0.010482981888994818,0.00010425748613572583,-0.0003658475212778096,0.0,-0.0020695743832108656,-0.002774987712570691,-0.0009839685638225243,0.0006786638205983777,-0.0007016594792755062
66,-0.002381488887672342,0.007827135054376315,-0.0006085238831563604,-0.013629983509124264,-0.003947238659242671,-0.00717014242584638,0.002974899652338417,0.002475074499648225,-0.0001525258147308286,-0.0033564846476291273,-0.010136502515019208,-0.0036465932056837483,-0.017672891524487172,-0.005053008892605443,0.011440472691903323,0.0,-0.020377200963366062,0.00314170584404691,-0.007515816791239962,0.003966516655248778,0.0156012038813011
67,-0.0032189566331192396,0.008937137355166255,0.0026959875585054714,-0.01317699489877117,0.0006645254468815697,-0.004005237110756547,0.0066330019442769625,0.003936876526975766,0.0010340640923673654,-0.0021024709509530623,-0.006295790496611479,-0.0018371286781124708,-0.006645356586450939,-0.0010892756211886637,0.008483492985997787,0.0,-0.05288738025031383,-0.0018819616409661308,-0.0017078451285270533,0.0031120408842673316,0.011129865709625361
68,-0.010476736238511248,0.003259883994908127,-0.0026406761462567756,0.014568026934067132,-0.0023779320515490495,-0.010206623124320989,0.0028871442593712752,0.009598036273783066,0.0160269752672096,-0.0054225090532217125,-0.015023394278390265,-0.0059895319930825365,-0.022576051255480935,0.003694731915814016,-0.015069008546679348,0.0,-0.013904481334939128,0.006889178307899482,-0.004726733741933114,0.002525138291620925,0.002962301467217318
69,0.04672856644632467,0.011207957791273749,0.011587658070547353,-0.025008577845670017,-0.00936723664829749,0.025728198162137016,-0.0007454195771044297,-0.0291739588623866,-0.1028052661907891,0.009534735016364877,0.0477577209184361,0.00839682684962093,-0.00022022133682339607,0.01687239140192049,0.03640978105251984,0.0,0.04047845670332353,-0.0007460378805471496,-0.012366251573887151,-0.010161860299976278,0.01977473747258432
70,0.001661163141146166,-0.06327072843384746,-0.0829063265513442,0.07850638566280362,0.005860328364027588,0.006460282197275938,0.026399480905571763,0.019726672496682956,0.005847591302967317,-0.00023387357584902778,0.008992113243518835,-0.0006392052336169356,0.009127052733762688,0.11049110432714784,-0.0774060967433886,0.0,0.0952275056585458,0.028351907133431664,0.00046887569546521813,0.003795128871095896,-0.0707230557417157
71,0.00019267456447190305,0.0021436182295007313,-0.00025864424224368153,-0.0009439888102110906,-0.0018660998884124876,-0.003083740444789511,0.00017232793639725843,-0.002287467482492263,-0.00030841377497014085,-0.00260606289596568,-0.0035479281128173593,-0.0024744430625027827,-0.009170003153238529,0.0032777765599180204,-0.018896534066850407,0.0,-0.009091768987329545,0.0002525617173458137,-0.0022973530786592404,-0.00013891959125530051,0.0027110025496076546
72,-0.017877965596313643,0.005214319109013074,0.003950542622843739,-0.028321191450865604,-0.005386295447270925,-0.0041357429794687504,-0.0010785520894061567,0.01637929745797553,-0.011091130215164176,-0.0020945470185788906,-0.009886494353528903,-0.0021590676303720065,-0.0011472415468979755,0.0012126139946267995,0.00782528107723138,0.0,0.007345756840411186,-0.009761937974031921,-0.0038903165137411486,-0.0008214873464276075,0.007502748973609391
73,-0.013887807106486223,0.006592850959505943,0.0017010606907881436,-0.022226508289506015,-0.0013550298177347447,-0.0027004207440516565,-0.0023514428063604307,-0.007570218512600605,-0.004869956208332447,-0.0014855388390359284,-0.006295729550564527,-0.0018113664684499605,0.011942356635449401,0.0006697701031839286,-0.0018918479263254054,0.0,-0.004230261431214776,-0.004089073738555468,-0.002213554758698327,0.0008694348444278218,0.006981881767088773
74,0.008798214263732472,-0.006583415320399459,-0.006137555564869803,0.005253709405237078,0.0040699723880771406,0.003957763343216053,-0.000522525233004321,-0.016370172753526677,0.0023325768475087054,0.0047069103591182,0.010632563564965752,0.005408453658325851,-0.06072142991978397,0.00013699244012522284,-0.0045303735050947255,0.0,0.0027759825654639398,0.004411256195968613,0.004411582592467432,-0.0010164226568517435,-0.009235488084620533
75,-0.01151043012289966,0.005795698821604673,0.001309672522260135,-0.023007364470804623,-0.0025727403014301213,-0.0028086008044134318,-0.0006880951813512363,-0.0002570391506746353,-0.009089027777612398,-0.001386229460424128,-0.007034634678356142,-0.0017288129796588902,0.005536991345691152,-0.0013767496296765106,0.0014529732468243693,0.0,-0.002261994441229822,-0.004674908074846487,-0.003273613404693919,0.0017154995271462168,0.007638001516575864
76,-0.002664102908033244,0.0029465179182175025,-0.0019282596970013124,0.0011528510411828862,-0.0004667317862779493,-0.0012200014498693712,0.0003131592609254643,0.001186089570293481,-0.008657034982842494,-0.0021176162448316364,-0.0029655499436659987,-0.0024324003980697767,-0.016249079758403753,-0.006933041580406268,-0.0006112003688377426,0.0,-0.005895272388486117,-0.0014818220648945277,-0.0025239622634934426,-0.0015708226087953886,0.0038974793409038188
77,-0.00400629566527894,-0.014512380946798117,-0.04886430740320297,0.02122795404287426,0.0008373677111355107,0.0013801724510327676,0.00043642464215068227,0.0009901584082196832,-0.0015614463113907755,0.0006267699298939807,0.0035812078782502337,0.00019836996773988532,0.007619377682838814,-0.005521858515580149,7.735987558073772e-05,0.0,-2.811738809153417e-05,0.0027231239043082117,0.0006473769179546485,0.001011477525259112,-0.015084131348653154
78,-0.01042888513393212,0.0032352679138026425,0.0012920330296788214,-0.014677045087052172,-0.002767096688504208,-0.002342253099819152,0.0006213526983309547,0.007025727266697334,-0.008296400793979279,-0.001291270386364996,-0.00636840448661693,-0.0014767433799320574,-0.012380416098366251,-0.00018205406804194717,0.002551475228956473,0.0,-0.00031031327856972273,-0.00482190335154887,-0.0030349628644661297,0.0011982619011522704,0.004232226524554342
79,-0.0003238734182392878,0.015243993204699824,0.00830541730887999,-0.021180524655815693,-0.0008540761324156813,-0.0047200579571590705,0.006063136379785724,-0.00017423933651926392,-0.005642217772542691,-0.002732583961393364,-0.006673903344530809,-0.001970062473929187,-0.007872556069783944,-0.008050709632477792,0.0255606380285042,0.0,-0.059147962204848276,-0.004630015325367934,-0.004120480265814878,0.003259625794379093,0.021506997481789403
80,-0.003754061424270534,0.007097326207434786,0.001044107683693409,-0.012610904821516233,-0.002450928737373427,-0.004800676818497781,0.000295302479364855,0.0037729499521932863,-0.012007701639807595,-0.001548326216405308,-0.005827756959358376,-0.001281714488522248,-0.0030043195411768478,0.001336476458608386,0.005964380775205937,0.0,-0.024900126191700227,-0.004327495380482437,-0.004707040617829931,0.0019801223351203316,0.011508989500198989
81,-0.0025292282616935766,-0.002622459333376941,-0.005325599544122992,-0.013599734499367078,0.0023675564073154303,0.0015939794166872816,-0.002264163102706778,-0.038733738599881544,-0.004470631647416318,0.004314576667786879,0.00451515103910212,0.004528762484182081,0.006419125953380562,0.00037431077807130236,0.0016382260758539017,0.0,-0.0004027650522546743,-0.0022452179277492267,0.003407233983507806,-0.0011885019583907014,-0.003998275609281771
82,-0.002501791842516897,0.00697685324577064,0.003122931996897888,-0.012594224733499545,-0.0019198639280538284,-0.0027188796540831015,-0.0132852395477724,0.0019385266717512155,-0.011891058604658078,-0.0014542161883777088,-0.004756878592984376,-0.001009331704243812,0.0042061509226832,-0.004779741535684186,0.011727045522421608,0.0,-0.02046290025744474,-0.007261808388206392,-0.0027701602055141264,0.0006733253072743058,0.010539856615750647
83,-0.007182498279420304,0.0016300245740193588,-0.00223699470354283,-0.021366369169203446,-0.0012426822050052198,-0.0016617749039836553,-0.0026671054729885224,-0.009884839024390654,-0.0052758746781691014,-0.0009754006293234256,-0.004342058596799367,-0.001269201051845529,0.009620747838775015,-0.001527285172779697,0.0019229219726168486,0.0,-0.0013012776925572559,-0.001899737659750866,-0.002139416586117572,0.0013051570542966147,0.002272254493510138
84,-0.0017840431798057752,-0.0020566961858773155,0.0020822743121062196,-0.0098800147052032,-0.0018443260855259558,-0.002950159343942078,0.0008246809956209344,-0.0013370865732178438,-0.010714946880961848,-0.003960480449200036,-0.0032559889224268827,-0.004181235588401594,0.007819473564241442,-0.0012138951583718198,0.006984873148289687,0.0,-0.019805184731569024,0.0014601983631946792,-0.0030635610250354176,-0.0008707480842385611,-0.0004740445404938805
85,-0.0098844712009098,0.0035527976375869636,0.0016692132367191427,-0.019380963003970655,-0.0032650482501545143,-0.0030693762675923354,-0.0013220222374580885,-0.0064678850733978195,-0.007162243416464668,-0.0020079001274085216,-0.006588264818403858,-0.0023975765387070995,0.008956174089023163,-0.004830520553090859,0.0041657178117185,0.0,-0.0006363078067887847,-0.0019029585463961106,-0.00408840598742398,0.0013608424388944927,0.005077809973649014
86,-0.002239086045053592,-0.005418215203261784,-0.012015613627928226,0.006971579954746453,-0.000664274780515977,-0.0008279509176179139,0.00023690141332366753,-0.002352332651812766,-0.0018640293705309756,-0.001644842174462612,-0.0017938685404897757,-0.001343320725125331,-0.003711177904245227,-0.00939951685547323,0.005332636379913903,0.0,-0.00999291404670756,-0.00021786073476509063,-0.0008415892695936576,0.0001751208667214336,-0.006611049306105551
87,-0.01586111976615216,0.014036551837987087,0.014845295384344842,-0.02254374420829765,-0.0010073370307695346,-0.007556049615159396,0.008264311588386274,0.016063964232454032,0.01693852285769359,-0.005072206191177438,-0.015387438309321284,-0.004229247673813498,0.004579175804572546,-0.0052105338511849305,0.0024652807503461995,0.0,-0.053575548057485226,-0.004845928769891148,0.0019142312903171488,0.0013001423620341505,0.014455397956974515
88,-0.00614399276978578,0.007235063958942576,-0.0011931508956038465,-0.019487114816273014,-0.0018968216533028668,-0.004936756679184836,0.0020212350940779066,0.005407928438167858,-0.0027159740344572386,-0.0020641885031233618,-0.008239787863368353,-0.0023310440971400863,-0.006230216518800229,-0.002091889217689567,0.005303342549875458,0.0,-0.020487504178829226,0.001068277405247341,-0.005904482411691406,0.004089364873934129,0.010376313675034603
89,-0.010390284774761801,0.0069509401731420615,0.0020817282849831626,-0.02881284346259022,-0.003258480824294181,-0.0035357902716169846,0.002387679959991707,0.01062577800406263,-0.011468404746233308,-0.0015550229487934699,-0.008986859633265953,-0.0017961581439935924,0.0010873564482679866,-0.001737734641413218,0.0042127243352762045,0.0,-0.005244705693542597,-0.006657253553741066,-0.003881383908681502,0.0025517569756543087,0.009205559754575595
90,-0.0029466550376473404,0.006037891207833789,0.0026848834153535553,-0.011607835213694219,-0.0019051409532416376,-0.002487418200880687,-0.01583691005206025,0.0025182240081033334,-0.011975207176063487,-0.001337193566347876,-0.004531480788123642,-0.0009643370227218537,0.004441521416089601,-0.004288909095869002,0.012288622526804436,0.0,-0.018171467371094104,-0.007164491475233695,-0.002630725591129354,0.0005747595670377119,0.00908047299351104
91,-0.0021738423371573294,0.008230925987487744,0.00408666412290629,-0.01488206779717944,-0.0021230697849315876,-0.0029405803818597634,-0.011088572878750308,0.0008261221842854678,-0.013894923277087409,-0.0015043187524230364,-0.005028580862132629,-0.0009778341525406987,0.003831477078171384,-0.005566782815788812,0.015204834201079036,0.0,-0.02237538902303568,-0.007746182931739301,-0.003142454725368146,0.000518706398959298,0.012524477167993186
92,-0.013621175434190806,0.001452621343555048,-0.0022851214316753693,0.014460990922865269,-0.0010155118863206015,-0.008674215352081502,0.0012248499893345083,0.006059640434869999,0.01903732137578764,-0.004895393757661522,-0.0135406913200439,-0.005535851422970563,-0.0172286898837897,0.0036267485072738605,-0.02056053591877494,0.0,-0.006552708244472192,0.005642546469433389,-0.003560202320790428,0.0021829907658781037,0.0005538340603557405
93,0.002881192759851223,-0.02024752855266973,-0.0015938240322726296,0.008212348873947296,-0.0011548042066472823,0.002212917718092579,-0.006826696601202724,-0.02880161751760176,-0.0026463852355066335,0.0035610720781645636,0.007679518800609751,0.003217473631367677,0.0024493774097519086,0.0010491616313865206,-0.00015318737747539645,0.0,0.01618239025159973,0.0006778310948664306,0.004677721652221058,-0.008861155467895216,-0.030737205987386534
94,-0.001274265526218165,-0.006185858997836312,-0.0009595073360367187,0.0026696689640729123,-0.001953959874486588,-0.003399295561133305,0.0004963609559015651,0.000721925396562544,-0.0009078245594484314,-0.0022233471546887324,-0.004762175923549762,-0.0022910044454434587,-0.009135625175080861,-0.0032682224354507864,0.0043284358371879685,0.0,-0.009881532992638976,0.0012139434861450464,-0.004047719072640272,0.0014413191687320983,-0.008802714841322272
95,-0.001965801424581721,0.0033856222761481113,-0.0036074195033932,-0.00515737557237751,-0.0017352862183349755,-0.003704119464811559,-0.0033773539198524325,-0.007129948984953064,0.005851417627079418,-0.002007766196569268,-0.0063565136844260205,-0.002318214679704315,-0.017545213389687078,-0.002294231456795262,-0.0001503211482302232,0.0,-0.012559652899630269,0.0049460604567157,-0.004080392985254102,0.0007607346890710665,0.010824376046798055
96,0.002881192759851223,-0.02024752855266973,-0.0015938240322726296,0.008212348873947296,-0.0011548042066472823,0.002212917718092579,-0.006826696601202724,-0.02880161751760176,-0.0026463852355066335,0.0035610720781645636,0.007679518800609751,0.003217473631367677,0.0024493774097519086,0.0010491616313865206,-0.00015318737747539645,0.0,0.01618239025159973,0.0006778310948664306,0.004677721652221058,-0.008861155467895216,-0.030737205987386534
97,-0.03709504502449243,0.15480018840391002,0.0772593727578261,-0.13973214416988317,-0.0016796042247751045,-0.03763646698718066,0.13811122248907506,0.16001416118562445,0.07720710781152428,-0.014107596798450832,-0.08366468197616489,-0.0059354013170604,0.10052652353467323,-0.023600000289776397,0.12183737747076845,0.0,-0.15368389274836478,0.0034490548737274597,-0.02340613450803376,0.043299744761160906,0.22056378891233555
98,-0.0019168553676047377,-0.00890812004550845,-0.004401607506456271,-0.005190647804623314,-0.003608112928375859,-0.005223523013709287,-0.0021458586106161705,-0.003120113675740722,0.002704145800047803,-0.0028007967735707868,-0.007521054922643667,-0.0031793120184141063,0.0009499636320926105,0.0008405505328819297,0.0010477829358094617,0.0,0.008218926737385794,0.005397658545928563,-0.0044121987408873645,-0.0006474981757031256,-0.01258022527345762
99,-0.007804838641529187,0.01154065766567935,-0.004608260800861402,0.010203150021238422,-0.00434001392500302,-0.014124844389435641,0.008012938817397595,0.005197754415451684,0.020779994038577197,-0.007255867006154755,-0.01707842953578118,-0.007278694351731813,-0.03143528337587444,-8.192589304756202e-05,0.0008058973793416666,0.0,-0.027647874529059327,0.006912659807080228,-0.0065154515594310625,2.90312305193452e-05,0.01670566921064764
100,-0.008996343997477117,0.005477548272595592,0.003371367407035275,-0.01861894963816391,-0.0022257805635184863,-0.002180780063070988,-0.004311739060159475,0.008124708794715399,-0.01454407688109179,-0.0009698648839291589,-0.005837202808209919,-0.0006681089354116518,0.0008644841303025851,-0.0018643604643769267,0.00972335445139746,0.0,-0.012601805960197245,-0.009316383662561139,-0.002219152386195865,0.0008122730223102695,0.007759433893259542
101,-0.014553943289369063,0.004529903818090831,0.00227923727513248,-0.023927386670032642,-0.0030927610292453686,-0.002979409974200669,0.0022522595408921305,0.013476309793404135,-0.011678115793034778,-0.0011537106989032173,-0.007639991242187468,-0.001253516239766867,-0.004336131633800501,0.0022931681140099807,0.0037941055386588873,0.0,-0.0013184670863280107,-0.00845602645567872,-0.0026070303621192645,0.0005512508229963375,0.005598859733193498
102,-0.006729786748000462,0.009325494574386929,0.0038990770307201533,-0.02391136073618096,-0.00035381679505421665,-0.0034094537768399,0.004783112195816967,0.006229571349572075,-0.01790078939784318,-0.0005753600256588481,-0.005685104070693291,-0.0004654336185110802,0.003323840020147731,0.0030148175604078425,0.004220161499353545,0.0,-0.0314960577990804,-0.006901994393439226,-0.0033201036797918795,0.0029461844703982413,0.014785871654824584
103,0.022887099828836556,-0.032971340683909854,-0.06489020587348565,0.08569234155858545,0.0013669093251186387,0.011193902443421841,-0.0015305876352299428,0.010848322078234031,0.0034191040108145446,0.013141571223105008,0.026749766741877172,0.012572411115394803,0.0027222918018194884,-0.05391361927045536,-0.015802239703886143,0.0,0.008617521591831673,-0.02639505776692517,0.0027991921251147014,0.007315091330580299,-0.06193365821598847
104,0.003380268732073541,-0.0042994481091038865,-0.003152015285478048,-0.016734135319928425,-0.00019234839759664927,-0.0005786628209074855,-0.0009089041115973868,-0.00888545982940745,-0.003787822790411148,-3.937210583501999e-05,-0.0010951653916028287,-0.00013053931027650156,-0.004402924648307557,-0.000893038615905749,0.0020365705790483736,0.0,-0.0005162529406862385,-0.0010957372513230386,-0.0008657950665233412,-8.13806044173834e-05,-0.0059792163844860765
105,-0.019178279763552013,-0.0025977407316247255,-0.0028321254566402395,0.01245869449282597,0.004232884543060062,-0.007461941813644539,0.011152462393950065,0.01876254891218451,0.03120198257276201,-0.0045829597923902335,-0.013783357397054627,-0.0048526572193649505,-0.015199677835154428,0.006144211117199289,-0.013842185678353424,0.0,-0.04949670976140843,0.004107949188501419,0.00382768898986099,0.004697392754916221,-0.007906880274926373
106,-0.00913809101040567,0.00020474180498640337,0.0013938743935229922,-0.006432463506826093,0.0007391504935105445,-0.0027202193610539,0.0030581847051265945,0.0059783652826923325,0.0013870303539326374,-0.0014372883088656435,-0.005294303802793273,-0.00187872642474043,-0.0004655121621252853,0.003436999899625177,-0.006096916648860315,0.0,-0.027154862724443108,-0.0010510327726100976,-0.00028938901638281923,0.00019462628389192927,-0.002655574925422505
107,0.01759341061433712,0.07262541711767329,0.06472539418569906,-0.02922669437392696,0.01564215053947301,0.01902304105543003,0.04076552365576772,0.03809351874480784,0.05218671002854913,-0.001956251167109366,0.006285195970907058,0.0011785270315512956,0.16735689785689195,0.09425623208715549,-0.03344454434605316,0.0,0.18918643328446258,0.03817608234234629,0.010736660846239164,0.0014104110514433171,0.10389223505503145
108,-0.011068911454818588,0.008476899004653881,0.006751714066594406,-0.024131442456655515,-0.004819568446733172,-0.004250548565403482,-0.006263475205286577,0.007984860617971436,-0.016125156357704274,-0.0023191319932318547,-0.007692378606520992,-0.001986415555891885,0.010696463967012968,-0.00618470033700941,0.012008777521637221,0.0,-0.0047450281464406765,-0.012124565383757585,-0.004185661881983064,-0.0011143908358686866,0.012871283198293875
109,-0.004444447512442581,0.00030608854617862564,-0.0012626372618905401,-0.0016270342228835398,-0.002206758300000854,-0.004914358984307269,0.0018548688618376615,0.0007164294975478052,-0.003211387031057388,-0.003939294933236427,-0.006588078340879706,-0.004017824287299541,-0.00473086718792238,-0.0014068680580696048,0.001362949048822462,0.0,-0.010794173052622721,0.0007441908557176652,-0.004656998082472343,8.970290165254453e-05,0.0005051063006309902
110,-0.002853618937272233,0.006771565761591455,0.003125407680286697,-0.012815713679193451,-0.001943981493662743,-0.002646074821811679,-0.013466010940823754,0.0022437039149008587,-0.013548486043013487,-0.001356069254834774,-0.004659680604712072,-0.0009281570541724724,0.004594123748686434,-0.00476385567585573,0.012990416079143486,0.0,-0.01952616326173042,-0.007689360613298225,-0.002818466677983843,0.0006993902053707969,0.01036964573983503
111,-0.0019469136537401256,0.008311524124846667,0.0037388434909623887,-0.007245712823395028,-0.0010598054531443138,-0.004496091351621632,0.0032760553292479552,-0.0012656920687602383,0.0022051077903776054,-0.0033492279154089533,-0.0062999685154317255,-0.0030052279392370563,-0.010203825907195912,-0.008329339692911414,0.012127807107737643,0.0,-0.039037280528354666,-0.0005038610704594496,-0.0026822043522060552,0.0009976853932634516,0.010546746769650443
112,-0.0025285479018948014,0.012195574032729002,0.001535402911319747,-0.013927767270096127,-0.005882447461638642,-0.009573153614853742,0.0038172159906382,0.0007593657127861304,0.0019828225388873123,-0.004527113738493187,-0.010839629714217015,-0.004326430568591982,-0.014652087711705813,-0.007014216601660768,0.010073568515587107,0.0,-0.016492085825735976,0.0011090743334800023,-0.008261635520616815,-0.00022928600346581616,0.018583639495463596
113,-0.009029438227076046,0.006214000360448641,-0.00033989513735744437,-0.022347276637494855,-0.0024375638253824623,-0.0043817178756958815,-0.000466588722551099,0.0027798140162504964,-0.006598454082524054,-0.0016808864242218247,-0.008275582808448199,-0.0019529191568144197,0.003731844524211839,-0.001123415667998956,0.003122370301767724,0.0,-0.01090859077449346,-0.0016658854176062653,-0.004839883408289111,0.0032710196850356905,0.008707641811140232
114,-0.0067536081139984196,0.004299600191548203,0.0024163391770952404,0.0036848327979085802,-0.0014435422810464837,-0.006027951518133213,0.001288007537531755,0.0020961404946220484,0.004699652602894622,-0.004281172600753069,-0.008112023887906692,-0.004295873992203255,-0.01497015581626195,-0.00916576119080223,0.0019065347963406558,0.0,-0.017178374078454448,0.0006812703400302065,-0.002650607261694548,-0.0003384598994552366,0.005926971636396917
115,-0.019764460283661175,0.005057795123063922,0.004200021605035703,-0.01769827687450864,-0.006882443210028002,-0.00570523282459349,0.0008343691897939243,0.014882123242669017,-0.015119038135560203,-0.0026485247212313582,-0.011010698382583655,-0.0029271031000653158,0.006534954860141032,0.0008800263514679386,0.003557690887924449,0.0,0.0061314274819022265,-0.010363710518130462,-0.00507857783590217,-0.0010640085012670894,0.007964679662372635
116,-0.0038681480297443754,0.003940475216025638,-0.007056280994710211,0.002864744357051331,-0.004660024318588766,-0.0101505770323147,0.00101312715969966,0.0008067655159303683,0.01839824570473366,-0.004806457128264456,-0.011457435097529488,-0.0052971196561282085,-0.025225933132050522,0.0037434193299106747,-0.0017418864215140266,0.0,-0.011865900711258152,0.007910903529847182,-0.007974492925675212,0.0015607413423555346,0.005644425841563321
117,0.05346094364522098,0.0015054621103414705,0.012235462179207414,-0.058240312334162964,0.0017164306661831114,0.026317575360616182,-0.009823154135956892,-0.05019309483221871,-0.021024077759649356,0.008254431886445666,0.03816220907136027,0.008131842455526013,0.04451899146481102,0.01973081377959375,-0.0025637169485207075,0.0,0.12183257399038377,-0.013953999276186572,0.011945713432943959,-0.0227864197055741,0.011988735148095784
118,-0.0017716739633121673,-0.00041402745647855046,-0.0018483608155102796,-0.018501545424679966,-0.00223439685330472,-0.0020656985447467784,-0.001391127501110943,-0.007113073984969294,-0.006978787149698764,-0.0011346231023533692,-0.005166064411293533,-0.0014576109085661787,0.005312523632293054,4.198355140212146e-05,0.001402878209348767,0.0,-0.00017263681603164562,-0.002127976162790435,-0.0031516474479910254,0.001260421534180481,-0.0007099605943666984
119,-0.007065274997530505,-0.00027526520352592616,1.6979588255953532e-05,0.0032822206450171605,-0.0007254721327710788,-0.0034240017260038,0.0020403712170187715,0.0038694165725500183,-0.0034596049639630203,-0.0028446130743070876,-0.0049372530710267105,-0.003278579153391942,-0.00823257009710951,0.0034517894117606423,-0.0016668426388709388,0.0,-0.02194949180231994,0.0009796758503615552,-0.002089930600787249,-0.0003298925846341179,-0.0015830617715389514
120,0.01231228169343252,-0.036932826810890725,-0.0030813548971148712,0.053153567276230704,-0.003589025081783513,0.0020214411038107973,-0.005221971505780719,-0.023303753458226495,0.0011800809531992145,-0.003917617300031953,0.014754448895743113,-0.007481286439910853,-0.014119661653410992,-0.018407701814655873,0.00857270793623388,0.0,0.048357957863791025,0.0034989379588379354,0.0026243885172475634,-0.014119236684290083,-0.0645227712764983
121,-0.007182498279420304,0.0016300245740193588,-0.00223699470354283,-0.021366369169203446,-0.0012426822050052198,-0.0016617749039836553,-0.0026671054729885224,-0.009884839024390654,-0.0052758746781691014,-0.0009754006293234256,-0.004342058596799367,-0.001269201051845529,0.009620747838775015,-0.001527285172779697,0.0019229219726168486,0.0,-0.0013012776925572559,-0.001899737659750866,-0.002139416586117572,0.0013051570542966147,0.002272254493510138
122,-0.012485179019239236,0.008136465708467258,0.0020258733389633223,-0.03127640518687988,-0.002444210477989534,-0.0036733455084664913,0.0031811767368073837,0.011367282096762283,-0.01129950407981338,-0.0012823563035080498,-0.009129287117896293,-0.0014819871782863698,0.005846683565821122,-0.0004308522775392522,0.0026044222940121912,0.0,-0.01238517066214395,-0.005726860083604017,-0.003918664786592709,0.0032588164121909857,0.010891718015290148
123,-0.0035206952056868685,0.0017661003812387713,0.0019621275808324613,-0.014172948762178724,-3.584746828313629e-05,-0.0004912951177655938,-0.00038412214931507737,-0.007798266094763538,-0.0020035961841985183,-0.0004613705065976771,-0.0004722136104942144,-0.0005557060506205037,-0.02443485753913874,0.001384003377743387,0.0003086218840869199,0.0,-0.0011624131987524483,0.00018403666385560062,-0.0005562328852392956,-3.840155352041272e-05,0.0022616716471613274
124,-0.003270567696896774,0.006766013373030555,0.0031847476151905508,-0.013112174466307951,-0.0020000096571390954,-0.0026519064110685302,-0.013705447630571197,0.0026054130913379845,-0.01391040797797635,-0.001346818339732195,-0.004701008641444728,-0.0009251356842570581,0.00508086473521996,-0.004660819436039202,0.012980898551557863,0.0,-0.018923050477498152,-0.007862063642711926,-0.0028758344585259514,0.0007456955089249921,0.010360201181348333
125,0.0007047780274393917,-0.006719092674362132,-0.003100328408299523,-0.006331966042748679,-0.0011833281800969252,-0.0012734599200839097,-0.000738984661140652,-0.01133493609730423,-0.004721266087577812,-0.0008644641730251828,-0.0028852538579408624,-0.0010300282908177816,-0.003043346610105713,0.004727912361793196,-0.0014579064848293695,0.0,-0.00494707666638108,-0.00018118822746356335,-0.0018497579993607372,0.00046054332630689773,-0.002452255013731513
126,-0.009646249949401114,0.001783404648887592,0.0015573856254290494,0.005597774805384141,0.00026408307109892663,-0.005353721710368257,0.006341601202569464,0.0053743523843783475,0.0045475835047242745,-0.0037632051186554977,-0.008264294086785844,-0.0038646099339191275,-0.014165430631978069,-0.0026857302505277274,0.005347717444633967,0.0,-0.03306110750850608,0.0016114212720544864,-0.001554905281814534,0.0013872543101180166,0.00032535629857889594
127,-0.005840205825141748,0.0065607846714557,0.00391709863368622,-0.016258990043547035,-0.0026267762727426283,-0.0027062284336428735,-0.011843797087020729,0.005202783648709819,-0.01637717503993264,-0.0013134400980576715,-0.005559390977171346,-0.00092405072113235,0.006405420645879371,-0.004160907191444056,0.013100082501220672,0.0,-0.013900996812825696,-0.009328127914959678,-0.0029603852527996313,0.0004135924551772909,0.009979312268907265
128,-0.006324863591335013,0.007470674966797574,0.0032379692070275837,-0.019136701478074454,-0.0032479084317895627,-0.00500456094445473,-0.0004262566390956947,0.005508271324197682,-0.011535520574933475,-0.0020479024892623736,-0.00702559450700134,-0.0017263193486936265,0.0031312780511165922,-0.0012339253689728007,0.005902120679126745,0.0,-0.01731232655839313,-0.007040022937695766,-0.004246301177887213,0.000983255431290174,0.011853236222856242
129,-0.013126594357374129,0.0030722390408985485,0.002055772573420499,-0.006084363295708223,-0.003747358925706016,0.00030405462046099286,-0.007132203050710084,-0.0230733772589072,-0.0003101793812851949,0.0014277258237234017,0.0025289042514540787,0.00128216965150875,-0.007767394575515896,0.005929477306204257,-0.0019187995971963775,0.0,0.0008006835308925864,0.000687189744158569,-0.003939443057066548,-0.002914591562675729,0.003721038857054368
130,-0.011467489235020074,0.0008647753816974813,0.0003831556240382508,0.011256811741414258,-0.00015661733654465015,-0.0071307296054997325,0.004715494353743799,0.009336454293424806,0.008144106216803105,-0.004477779327873213,-0.010335121682484497,-0.004907311013982435,-0.01806075018665351,-0.0002067129036380089,-0.003776905858744314,0.0,-0.024384960533210955,0.002943172569515116,-0.0023900368627781184,0.0017991558001661857,-8.202272074380534e-05
131,-0.0021634998337521014,0.0016158193670608616,0.0009587939285422293,-0.003775772339381053,-0.00319148351612125,-0.003954092893420043,-0.003435997516685156,-0.0032256514973988183,-0.0016938564514671754,-0.0032309557090249583,-0.006596629353478048,-0.0037301678642802684,0.012646074136241414,-0.004304338861948036,0.005970525201073193,0.0,-0.025964157237254544,0.0029639652147001438,-0.006899919722179754,-0.003587263194566159,0.0033860310793746933
132,-0.004898821595894745,0.01549301226597835,0.006553065261800993,-0.016702326859650618,-0.003803592956581942,-0.007549280155801911,0.0048506349568848235,0.003104087738601532,-0.006130795544020195,-0.0033386705898158543,-0.009422986215012714,-0.00305427227504996,-0.004450995082764623,-0.0049688577025526134,0.004509428118635516,0.0,-0.03462564803713475,-0.004391350692571478,-0.004874254935120697,0.0014884292816021922,0.024314957063313204
133,-0.0029466550376473404,0.006037891207833789,0.0026848834153535553,-0.011607835213694219,-0.0019051409532416376,-0.002487418200880687,-0.01583691005206025,0.0025182240081033334,-0.011975207176063487,-0.001337193566347876,-0.004531480788123642,-0.0009643370227218537,0.004441521416089601,-0.004288909095869002,0.012288622526804436,0.0,-0.018171467371094104,-0.007164491475233695,-0.002630725591129354,0.0005747595670377119,0.00908047299351104
134,-0.0018792237087776277,0.0012296130654172715,-5.249225706759928e-05,-0.01783649876194523,-0.0014170568392320884,-0.002871356407462811,-0.0014482550081531351,-0.0019499284140105542,-0.006511023767985135,-0.0010540399370255152,-0.005515861770807201,-0.001260400814671982,0.0016917453639401093,-0.00037899333898167676,0.001956258793678097,0.0,-0.010116954421470205,-0.0011742366474993347,-0.0034611522267114715,0.002194934601562208,0.0016335178401949784
135,-0.007793932135236834,0.003331534152310933,-0.001934563281439236,-0.026818293443890882,-0.0006163868647953057,-0.001342565719057207,-0.002534499420305849,-0.01012376226733365,-0.004980545437456697,-0.0006577280750818828,-0.0034505615897461725,-0.0008643980261299307,0.011422369733702671,-0.0014098647192648695,0.0007391307844524856,0.0,-0.0033755220848812476,-0.0023884923752178037,-0.001417831950702282,0.0015469374111738684,0.0044475751116746925
136,-0.009524653743156601,0.01309524819264574,0.00037090668078415046,-0.03169445223234714,-0.005765994206239633,-0.006213135398398874,-0.0007794789076552761,-5.688199041756579e-05,-0.004459377485082191,-0.0032622530623668583,-0.012637482771810989,-0.003769857595971881,0.010505616659859357,-0.006095212488816858,0.001080634596811835,0.0,-0.0024526203659360696,-0.0006932434670094609,-0.00728014107151285,0.0025584969587135104,0.018852489935948312
137,0.03097419986217738,-0.06505500615984841,0.051787965358880306,0.20334468550510656,0.02413295146419737,0.024277680714794237,0.08134332725638264,0.04795041646537954,0.10224967323937827,0.0019499888119363688,0.02697838211859705,0.003445865341375233,0.07796407719202159,0.16041159563534885,-0.1453073108457371,0.0,0.20739439340443652,0.07288159946597192,0.023104565611497572,0.017576163129974735,-0.07889883021060079
138,-0.002821582935237664,0.007616789108071375,0.0037220250041833432,-0.014318523528781714,-0.002092916087402746,-0.0028707942647546864,-0.011021860549163742,0.0018385368366232622,-0.01512428186690612,-0.0014008314159855589,-0.004854851464054058,-0.0009234051643592778,0.004613204592735431,-0.00514923457849699,0.013927693743401866,0.0,-0.020472986773786225,-0.008343629628435469,-0.00306006768834131,0.0006978303372236238,0.011817499943716904
139,0.002126158485105819,-0.009039260945431405,-0.008436774308491678,-0.022577440011590826,0.0031654283277010135,0.002731098775833225,-0.003956068008732589,-0.025011817584725128,-0.0011036161141684138,0.0031079327326539574,0.007438716256705499,0.0035198677397973977,0.0006324078414892018,0.0008679526143890497,0.0025410969065604314,0.0,0.0038086725980218746,0.0011343551865247536,0.00470198345039198,-0.0013176288487475325,-0.012554447654269107
140,-0.0028344375401169117,0.006266348490021742,0.0028126361323469926,-0.011984785400879695,-0.001970662153297134,-0.0025341695133095045,-0.016274686312330054,0.002290962594448373,-0.011189990780382204,-0.0013899212092276692,-0.004649587196982115,-0.0010034421870074115,0.004420253127703042,-0.004449060901611648,0.012877787201979298,0.0,-0.018700172313445267,-0.007063037111510838,-0.002692673784400221,0.0004932775606009893,0.00935395872626235
141,-0.0009916196993525151,-0.0567153537775317,-0.0017799211162006314,0.1172562041302956,-0.011746048579421742,0.0007489299589330419,-0.0024165909695244075,0.013234660999592696,0.005289826317793075,-0.002974308758462231,0.015415384380908139,-0.01878549613255898,-0.0034447201311092746,-0.052607138357032436,0.032955238455992956,0.0,0.06472429732311463,-0.012383337968497853,-0.0005837786650609332,-0.021123177829426534,-0.11229442594718074
142,0.12264875871208944,-0.07896779595518404,-0.0414078145978125,0.2024466226980772,0.053976703226552174,0.08228462496843947,-0.007673435134198577,0.011408584962843043,0.11072021134930973,0.06053565781143871,0.1283616768500551,0.06524645731846825,0.09669980130792395,0.0630851277304574,-0.17608713498300985,0.0,0.18702555610700017,0.04966898029876142,0.07173575121729472,-0.01250461394031283,-0.12069736438569202
143,-0.003270567696896774,0.006766013373030555,0.0031847476151905508,-0.013112174466307951,-0.0020000096571390954,-0.0026519064110685302,-0.013705447630571197,0.0026054130913379845,-0.01391040797797635,-0.001346818339732195,-0.004701008641444728,-0.0009251356842570581,0.00508086473521996,-0.004660819436039202,0.012980898551557863,0.0,-0.018923050477498152,-0.007862063642711926,-0.0028758344585259514,0.0007456955089249921,0.010360201181348333
144,-0.003999822606353652,0.004647157415153072,0.0024123878060204984,-0.010385595139305998,-0.0020029533475998023,-0.002224091593208597,-0.019103938608355974,0.003600862184658465,-0.010128613601875959,-0.0013440891989968977,-0.004639210453079277,-0.0010700538642696795,0.0041196756611262975,-0.003185642486445054,0.009495113260402305,0.0,-0.012446146560607201,-0.006629349053992004,-0.00224232931373634,0.000315406817352096,0.006589830417812723
145,-0.0028344375401169117,0.006266348490021742,0.0028126361323469926,-0.011984785400879695,-0.001970662153297134,-0.0025341695133095045,-0.016274686312330054,0.002290962594448373,-0.011189990780382204,-0.0013899212092276692,-0.004649587196982115,-0.0010034421870074115,0.004420253127703042,-0.004449060901611648,0.012877787201979298,0.0,-0.018700172313445267,-0.007063037111510838,-0.002692673784400221,0.0004932775606009893,0.00935395872626235
146,-0.0001169441549959854,0.007790526507479361,0.0028407660860109954,-0.00867006250962353,-0.002827071316551827,-0.004350489851733092,-0.0053462865520151545,-0.0025417868694861323,-0.004449716900074202,-0.0024773968493907407,-0.006330297643818954,-0.0019120417804054679,-0.0051650831839958914,-0.005821958424176703,0.016727184196824608,0.0,-0.029276411448742583,-0.0033260043599351806,-0.004120276604038811,0.00040400018812612325,0.010747952664852197
147,-0.0033534321883531694,0.006092184155182465,0.002700425456736368,-0.011726435235077092,-0.001972673935204196,-0.0025396444360484484,-0.016019341755076084,0.0029290870260034554,-0.011107575739092036,-0.001413033801528434,-0.004677774935403247,-0.001036861964831636,0.004905190768950906,-0.0044789383672858745,0.010947516634966993,0.0,-0.017466215860090194,-0.00697008643805239,-0.002660849229852078,0.00061957100783313,0.009007477821614271
148,-0.010645230564640135,0.008281123208549806,0.00045451134199843456,-0.025198410310408505,0.0004501237840193238,-0.004062459639154419,0.0017401647650852066,0.006649721137803396,-0.005670610460476955,-0.0009106432326480414,-0.0077605732243141955,-0.0010561013633874274,0.006994120849392353,0.00627105179396706,-0.0056511462562032055,0.0,-0.025553104987691876,-0.004672077759439085,-0.002200254855376347,0.003046041027471522,0.011272365353155879
149,0.004401439401644599,-0.04211002043198063,-0.01046291357068911,0.0810989494970303,-0.004213040198646283,0.009877446064601557,-0.005408395838820118,-0.04919087903141351,0.011610139476659532,-0.00919072346505196,0.03392415157178408,-0.016758241710170825,-0.04724034966382103,-0.003053599072611421,0.012074782505166488,0.0,0.06733230354555696,0.011036439682699158,0.005621975770641648,-0.027915217811422775,-0.06965563283482432
150,-0.003765845551734805,-0.0005035271699097763,-0.001968755029965783,-0.03510116208252942,-0.0027186088348491013,0.0010249393018115485,-0.009388845434502264,-0.02638726442604579,-0.0007941670310812988,0.002415873380772613,0.004878483724831172,0.0017326088389335325,-0.0016363686164579691,0.0061600573086787085,-5.73618937313115e-05,0.0,0.014116904515400716,0.004702238136343717,0.00387788247249029,-0.005362007553563827,0.0009045182563027199
151,-0.004647429446113595,0.009037864718054893,0.0034438272210341133,-0.01781062159266688,-0.0016300727681411277,-0.00336683890627356,0.0011846227112907804,0.0041171587869319945,-0.020408289964112956,-0.0008127095472396,-0.0052281195808835555,-0.0004605934499553314,0.002221922917651958,0.00016691116043086407,0.00795684939383875,0.0,-0.027242153943934644,-0.007957468211917871,-0.003657307638956498,0.001999096372236128,0.014871942381183235
152,-0.006967952327658982,0.013604911256871376,-0.0015527894116708063,-0.02611679206970646,-0.0031757202291274344,-0.007090073405155306,0.003358114561589938,0.007116537357665012,0.0008038908095704364,-0.00295730157987215,-0.012250271872547507,-0.003162348472751767,-0.007213052150893522,-0.0030897985542104834,0.00358500934200574,0.0,-0.024354121292438614,0.0013026346600935443,-0.0060877127123687615,0.005619206481918152,0.020406233876352254
153,-0.0050787234506701915,0.0020080564678116794,-0.004175291855193432,0.002752546231448844,-0.0020819487068734818,-0.0052021871438777,0.0004924821975724744,0.0015063081444099931,0.002375339963194362,-0.0034424879935912637,-0.0068520701480101615,-0.003884128203085921,-0.021099270531408646,0.003435782285937601,-0.0016547789586831374,0.0,-0.008255424609019683,0.002316441836761915,-0.004665782970247771,0.0005260242219852673,0.002757712701325584
154,-0.008913303090980545,0.004938383025866299,0.002251935341577499,-0.017785571937091987,-0.0008590843256422618,-0.0017035898176667216,-0.001864396414264998,-0.013425993151935912,-0.0064203722649333545,-0.0009601481470663597,-0.0037576919226593145,-0.0011958941299808033,0.0005247241943816618,0.0020797210578292354,-4.030174115708985e-05,0.0,-0.0019469769449400641,-0.0027639998217952925,-0.0023062709399799797,0.00019206093197988964,0.005735350619902768
155,0.0034765157014684865,-0.0013178612325071926,0.0018338677085757364,0.004415017269202424,-0.003227063927808686,0.0019637937573750617,-0.0007066097468271061,-0.003596896292743432,-0.02895589130461581,-0.001400602440822223,0.0044923965537805605,-0.0016102870713747574,-0.01580367341266728,0.00481853854484601,0.0023072934434061718,0.0,-0.0057954370468243505,-0.0011167251572546137,-0.0031171114533954125,-0.0022297726519627183,-0.00265040058732948
156,-0.009233593031505836,0.0030435935752164377,0.0016066524459400426,-0.016774110111047482,-0.0016097694797042197,-0.0016696215884138528,0.00026666051142085174,0.0020435549533997367,-0.004556662894141556,-0.0010666444778762445,-0.003914675276429301,-0.0012944203518803026,-0.015925570298000874,0.0006850270384956967,0.0013301489466890624,0.0,0.00017192056259908035,-0.003247696443111363,-0.0019101175257782664,0.00013726259029288597,0.003696661511201276
157,0.159359510704755,-0.07272654272727655,-0.015826671688618735,0.3205546106879264,0.06156235412670134,0.09388795388967429,-0.04475130870187499,-0.07822511279715101,0.09944516701082029,0.07544956253212655,0.1594019028275471,0.08206244766231693,0.0038601036779834686,-0.14137724419623526,-0.04951012252915306,0.0,0.22084931299193825,0.04125593214385757,0.10422273533616903,-0.028926029255678706,-0.12206219661008148
158,-0.010960595999298476,0.0040138919889576765,0.001973806603197072,-0.01825499145660261,-0.002627464630805177,-0.0026053882446518527,1.1713193211740216e-05,0.003356542772382773,-0.009023558868038871,-0.001328412418158144,-0.006862727597886887,-0.0016661624077428311,-0.003838383580024634,0.0017585430736892433,0.00046110123582252845,0.0,-0.0009083912564770256,-0.004333416204890723,-0.003566079883480777,0.0009612511539838311,0.00521731687767522
159,0.016699949904948212,-0.018129581999152003,-0.01579807637808475,0.025084058925903943,0.001962982715719266,0.003335143300825895,-0.0021969048879360775,-0.015416463270253014,0.008300386947669316,-0.0014676247293347723,0.01423961811381445,-0.0016216875655565885,-0.047331759539137194,-0.009723091573863562,-0.0010389342297028902,0.0,0.013489226354103124,0.005651684759315892,0.004375393617162173,-0.003957940678194719,-0.02467776982448391
160,-0.003718872762714639,0.010625516939297822,0.0035496029301696212,-0.017287165965401002,-0.0016401528258794004,-0.004127649898668322,0.002878168974104719,0.002809045253505418,-0.011886381358950928,-0.0016687385162943056,-0.006112533782125477,-0.0012944953708043966,-0.0013367987145389802,-0.003209239108575087,0.006375250098815616,0.0,-0.03168280818204321,-0.005544420899806304,-0.0033604861242647302,0.0025226362354015346,0.01588812134347881
161,0.0006176888607652676,-0.005255789449933523,-0.0038840395614660956,-0.01036044164851828,-1.8104628605579588e-05,-0.0001434912510813877,-0.00024904519081514156,-0.0019509708082493375,-0.0006957777466912285,-0.00012303688385016792,-0.00024809979240607516,-0.00017099075296972088,-0.02030077328837811,0.0023811933190992815,0.00027438275815100166,0.0,-0.000352761177907044,-0.00034603083064746145,-0.00017770968024977214,-0.00011026318312973213,-0.007107350042542786
162,-0.0023912732918990056,-0.0003703755312883082,-0.0021582671079962367,-0.007003890504572414,-0.0033969890893571692,-0.005333442094591153,0.00018494806114865888,0.001231862806931394,-0.001993630130050371,-0.0029293960010730027,-0.008247161921010415,-0.003359307889411486,-0.009567782528546027,-0.0025998721357586483,0.009156457851587092,0.0,-0.008016644082056584,0.002788107027494631,-0.006879158566775733,0.0031153679286970025,-0.0004509513433069107
163,-0.005867172458064132,0.0017552438549987969,0.006537763990925429,-0.03334228949310393,-8.313972121624862e-05,-0.0038141925934085117,0.005624801879933726,0.012899672400381035,0.012678332207524453,-0.003623094391042814,-0.012068494031025676,-0.004515639766010461,0.002483617295937435,-0.006269627007913308,0.0017031307111967885,0.0,0.010838867725667618,0.0028939428098812532,-0.0005875283502993052,0.005193865926186309,0.005140155330748537
164,-0.006181801643623791,0.00020398818896387257,-0.003911983250276569,-0.016670057124144537,0.0007490920898744223,-8.161062818709053e-06,-0.0029453699111250046,-0.025260637870945374,-0.004827872568926442,0.001154605433458792,0.000354838803682123,0.0012671802654534636,0.00702568429652378,0.00022085281777071,0.0017313567170462107,0.0,-0.0002611135442818983,-0.0019837069307338897,0.000980095619911662,1.640323231847215e-05,0.00012520403405836693
